norad,order,var_Q,r,p0,f1,precision,recall,n_det,n_false,n_miss,metrique,sigma,beta,cluster
28885,1,2.1429879051262235,0.0002294553888321,39542.77346596974,0.6451612903225806,0.4761904761904761,1.0,20,22,0,sma,2.0,0.1,-1
39375,1,0.0015042402196553,0.0118525979088379,2.777805353788531,0.967032967032967,0.9361702127659576,1.0,44,3,0,sma,2.0,0.1,1
40258,1,0.0014090482969228,2.617488485977237e-05,17.372006497891057,0.2857142857142857,0.1666666666666666,1.0,3,15,0,sma,2.0,0.1,1
41384,1,0.0019114492463949,0.4999999999999994,453.96209855034704,0.0,0.0,0.0,0,37,25,sma,2.0,0.1,1
48274,1,0.1835356192329922,0.0011798567250826,363.3824560180323,0.8333333333333333,0.7142857142857143,1.0,10,4,0,sma,2.0,0.1,1
49330,1,9.747120624442235,0.0068502884257005,225.8127183005903,0.967741935483871,0.9375,1.0,15,1,0,sma,2.0,0.1,-1
50321,1,0.6478867903212049,0.0194177101412437,131.20956447371034,0.6666666666666666,0.5,1.0,2,2,0,sma,2.0,0.1,0
50322,1,0.0031661368655972,0.1516796303709789,314.3179879996293,0.7142857142857143,0.5555555555555556,1.0,5,4,0,sma,2.0,0.1,1
55131,1,0.4137856100227138,0.0108399907018631,14271.133673535944,0.8571428571428571,0.75,1.0,6,2,0,sma,2.0,0.1,-1
58148,1,2.0030800750041333e-06,2.86505925547166e-08,8208.479036545323,0.7999999999999999,0.75,0.8571428571428571,12,4,2,sma,2.0,0.1,-1
58435,1,0.0019114492463949,0.4999999999999994,453.96209855034704,0.0,0.0,0.0,0,0,1,sma,2.0,0.1,1
58992,2,0.0109873514037619,0.1447801332385301,466.6720217294183,0.8387096774193548,0.7222222222222222,1.0,13,5,0,sma,2.0,0.1,1
59773,1,0.0388936358916316,0.0167812226722691,303.9028065922816,0.2307692307692307,0.1304347826086956,1.0,3,20,0,sma,2.0,0.1,1
61730,2,3.306550329398476,0.0007382328298988,1.8619866915726893,0.5714285714285715,0.5,0.6666666666666666,2,2,1,sma,2.0,0.1,-1
62216,1,6.164190202262754e-07,8.975870043878383e-06,67172.92092846721,0.8,1.0,0.6666666666666666,2,0,1,sma,2.0,0.1,-1
62485,1,0.0011187130813643,0.4734583311242188,59307.55009281413,0.8333333333333333,0.7894736842105263,0.8823529411764706,15,4,2,sma,2.0,0.1,-1
62852,1,0.0797830824854278,29.697509759541912,7.461303963929012,0.3333333333333333,0.2142857142857142,0.75,3,11,1,sma,2.0,0.1,-1
62903,1,0.0024406688406422,6.598206140855677e-05,184.5254220316169,0.5555555555555556,0.3846153846153846,1.0,5,8,0,sma,2.0,0.1,1
62904,1,6.237918247324343e-05,0.000579287042978,11.845777905162336,0.5573770491803279,0.3863636363636363,1.0,17,27,0,sma,2.0,0.1,1
63600,1,8.425557921742242e-05,0.0001269025563165,1.0668779340768828,1.0,1.0,1.0,2,0,0,sma,2.0,0.1,1
63601,1,5.766691325543335e-05,0.0001681069174082,6.177755476820054,1.0,1.0,1.0,2,0,0,sma,2.0,0.1,1
63603,1,9.854695930988477e-06,1.1641912861486173e-05,67924.68829397789,1.0,1.0,1.0,2,0,0,sma,2.0,0.1,-1
63604,1,5.606682307364968e-05,2.0384977279407864e-05,583.3968175329031,1.0,1.0,1.0,1,0,0,sma,2.0,0.1,1
63630,2,0.0344149114316921,0.0076150602842056,6.675662318192696,0.9565217391304348,1.0,0.9166666666666666,11,0,1,sma,2.0,0.1,1
63919,1,3.0286509149878825e-08,1.6491539058504206e-05,4868.912286545299,0.6153846153846154,0.5,0.8,4,4,1,sma,2.0,0.1,1
63920,1,1.1133421521770717e-08,4.44623405851408e-06,23.872807006499265,0.9166666666666666,0.8461538461538461,1.0,11,2,0,sma,2.0,0.1,1
64095,1,0.6188250126575459,0.0146819513091425,1.7137687044344434,0.8571428571428571,0.75,1.0,3,1,0,sma,2.0,0.1,0
64231,2,0.0001292006483064,0.0266087053977471,20512.708411021616,1.0,1.0,1.0,4,0,0,sma,2.0,0.1,-1
64467,1,4.6616800490741,5.339654720624818,188.8378451180542,0.0533333333333333,0.0273972602739726,1.0,2,71,0,sma,2.0,0.1,-1
64470,2,0.0827788228776113,1.0254478625489037e-05,75.54853329911275,0.5416666666666667,0.3768115942028985,0.9629629629629628,26,43,1,sma,2.0,0.1,1
64527,1,3.414700555433713,3.4841887588796805,2.2101096680271155,0.8571428571428571,0.75,1.0,3,1,0,sma,2.0,0.1,-1
64575,1,1.3708663665875516e-05,8.173517207826026e-07,14637.064873417236,0.4347826086956522,0.2941176470588235,0.8333333333333334,5,12,1,sma,2.0,0.1,-1
64691,1,0.0045307918502166,5.215483159638344e-06,4535.667112417635,1.0,1.0,1.0,2,0,0,sma,2.0,0.1,-1
64694,1,9.901880512274843e-06,5.314132385138756e-08,2626.378555265805,0.7402597402597402,0.5876288659793815,1.0,57,40,0,sma,2.0,0.1,1
64723,1,1.5498126228389797,0.0001063076221564,1.640228104821146,1.0,1.0,1.0,10,0,0,sma,2.0,0.1,-1
64784,2,0.0057328149023523,0.0005106673881155,365.3020539504577,0.861111111111111,0.8157894736842105,0.9117647058823528,31,7,3,sma,2.0,0.1,1
64876,1,0.0040992561115641,0.0002532075222516,7659.543132252993,1.0,1.0,1.0,1,0,0,sma,2.0,0.1,1
64877,1,0.0040467256824433,0.0001370649356338,1.8662251133116363,1.0,1.0,1.0,1,0,0,sma,2.0,0.1,1
64898,1,0.0289931670601974,0.0124340719840664,10135.261812835664,1.0,1.0,1.0,1,0,0,sma,2.0,0.1,-1
65053,1,3.4568118967884217e-06,0.7628622713935744,8149.245285782695,1.0,1.0,1.0,3,0,0,sma,2.0,0.1,-1
65317,1,3.2794694339087367,8.870787677659742e-06,596.3294346499624,0.8727272727272727,0.7741935483870968,1.0,24,7,0,sma,2.0,0.1,-1
65486,1,0.5598205057673449,0.2054883095587309,41225.5850719356,0.3809523809523809,0.2352941176470588,1.0,4,13,0,sma,2.0,0.1,-1
65563,1,2.615840963834345e-05,0.0304522141846787,81.0731820523338,0.0888888888888888,0.0465116279069767,1.0,2,41,0,sma,2.0,0.1,1
65851,1,0.4716357786034426,0.0003911032265143,188.24581279697924,1.0,1.0,1.0,7,0,0,sma,2.0,0.1,0
65852,1,0.8204762860513063,0.00015602447838,54.63390323492501,1.0,1.0,1.0,8,0,0,sma,2.0,0.1,-1
